{
    "og_dataset": "coco-2017-validation-2",
    "trans_dataset": "test1",
    "model_name": "rtdetr-l-coco-torch",
    "affected_dict": {
        "0.3": [
            0,
            0,
            0,
            0,
            0
        ],
        "0.5": [
            0,
            1,
            0,
            0,
            0
        ],
        "0.7": [
            1,
            1,
            0,
            1,
            1
        ],
        "0.95": [
            1,
            1,
            1,
            1,
            1
        ],
        "0.99": [
            1,
            1,
            1,
            1,
            1
        ]
    },
    "affected_perc": {
        "0.3": 0.0,
        "0.5": 0.2,
        "0.7": 0.8,
        "0.95": 1.0,
        "0.99": 1.0
    },
    "threshold_list": [
        0.3,
        0.5,
        0.7,
        0.95,
        0.99
    ],
    "affected_scores": [
        0.6924457581857177,
        0.45016755501951466,
        0.833281278096951,
        0.522966277793965,
        0.686207429239359
    ],
    "og_metrics": {
        "conf": [
            0.5399804796491351,
            0.5903345379564497
        ],
        "f1": [
            0.4444444444444444,
            0.7142857142857143
        ]
    },
    "trans_metrics": {
        "conf": [
            0.6576460359990597
        ],
        "f1": [
            0.5051948051948052
        ]
    },
    "overall_og_mean_metrics": {
        "conf": 0.5651575088027925,
        "f1": 0.5793650793650793
    },
    "overall_trans_mean_metrics": {
        "conf": 0.6576460359990597,
        "f1": 0.5051948051948052
    },
    "trans_obj_metrics": {
        "cc": [
            1,
            1,
            1,
            1,
            1
        ],
        "iou": [
            [
                0.8155294490396993,
                0.8456709647570843,
                0.9749152939683355,
                0.9768992914721201,
                0.9757584101125302
            ]
        ]
    },
    "overall_obj_metrics": {
        "cc": 1.0,
        "iou": 0.917754681869954
    },
    "matching_scores": [
        0.8102194596294833,
        0.31951641485923415,
        0.7974617061720765,
        0.5411597765083125,
        0.7536082229275588
    ],
    "overall_mean_matching_score": 0.644393116019333,
    "overall_mean_affected_matching_score": 0.6370136596671016
}