{
    "og_dataset": "coco-2017-validation-2",
    "trans_dataset": "transdata_20_n2",
    "model_name": "rtdetr-l-coco-torch",
    "affected_dict": {
        "0.3": [
            0,
            0,
            0,
            0,
            0,
            0,
            0,
            0,
            0,
            0
        ],
        "0.5": [
            0,
            0,
            0,
            0,
            0,
            0,
            0,
            0,
            0,
            0
        ],
        "0.7": [
            0,
            1,
            1,
            1,
            1,
            0,
            1,
            1,
            1,
            1
        ],
        "0.95": [
            1,
            1,
            1,
            1,
            1,
            1,
            1,
            1,
            1,
            1
        ],
        "0.99": [
            1,
            1,
            1,
            1,
            1,
            1,
            1,
            1,
            1,
            1
        ]
    },
    "affected_perc": {
        "0.3": 0.0,
        "0.5": 0.0,
        "0.7": 0.8,
        "0.95": 1.0,
        "0.99": 1.0
    },
    "threshold_list": [
        0.3,
        0.5,
        0.7,
        0.95,
        0.99
    ],
    "affected_scores": [
        0.7108664204493654,
        0.6429354390526846,
        0.660069856934667,
        0.6595366568748253,
        0.655291675545059,
        0.7108664204493654,
        0.6429354390526846,
        0.660069856934667,
        0.6595366568748253,
        0.655291675545059
    ],
    "og_metrics": {
        "conf": [
            0.6810745149850845,
            0.5075623027303002
        ],
        "f1": [
            0.8,
            0.5454545454545454
        ]
    },
    "trans_metrics": {
        "conf": [
            0.6579735197339739
        ],
        "f1": [
            0.76
        ]
    },
    "overall_og_mean_metrics": {
        "conf": 0.5943184088576924,
        "f1": 0.6727272727272727
    },
    "overall_trans_mean_metrics": {
        "conf": 0.6579735197339739,
        "f1": 0.76
    },
    "trans_obj_metrics": {
        "cc": [
            0,
            0,
            0,
            1,
            1,
            0,
            0,
            0,
            1,
            1
        ],
        "iou": [
            [
                NaN,
                NaN,
                NaN,
                NaN,
                NaN,
                NaN,
                NaN,
                NaN,
                NaN,
                NaN
            ]
        ]
    },
    "overall_obj_metrics": {
        "cc": 0.4,
        "iou": NaN
    },
    "matching_scores": [
        0.8108623890936554,
        0.814604186325087,
        0.8293755390238301,
        0.8290711091650316,
        0.8278218681185064,
        0.8108623890936554,
        0.814604186325087,
        0.8293755390238301,
        0.8290711091650316,
        0.8278218681185064
    ],
    "overall_mean_matching_score": 0.8223470183452222,
    "overall_mean_affected_matching_score": 0.6657400097713203
}